"0","install.packages(""dplyr"")"
"2","WARNING: Rtools is required to build R packages but is not currently installed. Please download and install the appropriate version of Rtools before proceeding:

https://cran.rstudio.com/bin/windows/Rtools/
"
"2","Устанавливаю пакет в ‘C:/Users/bkmzc/AppData/Local/R/win-library/4.4’
(потому что ‘lib’ не определено)
"
"2","пробую URL 'https://cran.rstudio.com/bin/windows/contrib/4.4/dplyr_1.1.4.zip'
"
"2","Content type 'application/zip'"
"2"," length 1582791 bytes (1.5 MB)
"
"2","downloaded 1.5 MB

"
"1","пакет ‘dplyr’ успешно распакован, MD5-суммы проверены
"
"1","
"
"1",""
"1","Скачанные бинарные пакеты находятся в
	C:\Users\bkmzc\AppData\Local\Temp\RtmpYzFcmw\downloaded_packages"
"1",""
"1","
"
